{"cameraMode":{"drawMode":0,"name":"Shaded","section":"Shading Mode"},"sceneLighting":true,"audioPlay":false,"sceneViewState":{"showFog":true,"showMaterialUpdate":true,"showSkybox":true,"showFlares":true,"showImageEffects":true,"showParticleSystems":true},"in2DMode":false,"pivot":{"x":1.2645708322525025,"y":-9.717745780944825,"z":6.067995071411133},"rotation":{"x":0.34792032837867739,"y":0.07022108137607575,"z":-0.02614297717809677,"w":0.9345251321792603},"size":27.17151641845703,"orthographic":false}